train_loss,train_accuracy,val_loss,val_accuracy,train_time
4.4518960815429685,2.72,4.288179881286621,4.2,7.705153810000411
4.208681121317546,5.8244444444444445,4.116311192321778,7.58,7.737886333000461
4.056113571082221,8.393333333333333,3.991522447967529,9.2,7.747772894999798
3.9544304810418023,10.21111111111111,3.9099706970214845,11.3,7.693628303999503
3.882140207078722,11.504444444444445,3.847693756103516,12.92,7.734360388999448
3.8245128264109294,12.551111111111112,3.802108475494385,12.78,7.766323552000358
3.7788219350179038,13.297777777777778,3.7574821891784667,13.56,7.72021747799954
3.7418753562079536,13.851111111111111,3.729879210662842,14.36,7.778417657999853
3.710460920884874,14.357777777777779,3.7030111724853514,15.28,7.667585279000377
3.682254762946235,14.76,3.6751647827148437,15.18,7.712263837000137
3.6555696645100912,15.251111111111111,3.6531725437164306,15.68,7.669964665000407
3.6317705644395617,15.615555555555556,3.6306266357421877,15.86,7.649628710999423
3.6087934527079266,16.024444444444445,3.6066768001556397,16.34,7.675598746000105
3.586832036844889,16.284444444444443,3.59019571685791,16.72,7.670670071000131
3.566534248521593,16.657777777777778,3.5708370235443114,17.18,7.7117405669996515
3.546099693976508,17.055555555555557,3.55117352142334,17.44,7.684421572999781
3.5266453502231174,17.415555555555557,3.537666414642334,17.78,7.681177498000579
3.5088234249538846,17.715555555555557,3.520745823669434,17.98,7.687539947000005
3.4909585935804577,18.08,3.507755006027222,18.24,7.693678192999869
3.474715290323893,18.206666666666667,3.493494472503662,18.24,7.760999365999851
